<?xml version="1.0" encoding="UTF-8"?>
<!DOCTYPE mapper PUBLIC "-//mybatis.org//DTD Mapper 3.0//EN" "http://mybatis.org/dtd/mybatis-3-mapper.dtd">
<mapper namespace="com.example.mapper.ShoppingQnaMapper">
    <select id="list_faq" resultType="hashmap">
    	select *, date_format(regdate, '%Y-%m-%d %T') fmtdate
    	from post
    	where categoryid = #{categoryid};
    </select>
    
    <insert id="insert_qna">
    	insert into post(categoryid, userid, title, content)
    	values(107, #{userid}, #{title}, #{content})
    </insert>
    <select id="list_qna" resultType="hashmap">
    	select *, date_format(regdate, '%Y-%m-%d %T') fmtdate
    	from post
    	where categoryid = 107 and userid = #{userid}
    	order by regdate desc
    </select>
    <select id="total_qna" resultType="int">
    	select count(*)
    	from post
    	where categoryid = 107 and userid = #{userid}
    </select>
    <delete id="delete_qna">
    	delete from post
    	where userid = #{userid} and postid = #{postid}
    </delete>
</mapper>
