<?xml version="1.0" encoding="UTF-8"?>
<!DOCTYPE mapper PUBLIC "-//mybatis.org//DTD Mapper 3.0//EN" "http://mybatis.org/dtd/mybatis-3-mapper.dtd">
<mapper namespace="com.example.mapper.UserFavoriteMapper">
    <select id="list_image" resultType="hashmap">
    	select *
    	from image
    	where productid = #{productid} or postid = #{postid}
    </select>
    <select id="list_fproduct" resultType="hashmap">
        select *, date_format(regdate, '%Y-%m-%d %T') fmtdate, format(price, 0) fmtprice
        from view_favorite_product
        where userid = #{userid}
        order by regdate desc
        limit #{start}, #{size};
    </select>
    <select id="total_fproduct" resultType="int">
    	select count(*) from view_favorite_product
    	where userid = #{userid}
    </select>
    <delete id="delete">
    	delete from favorite
    	where favoriteid = #{favoriteid}
    </delete>
</mapper>
